年月日,曜日,天気概況(昼：06時～18時)
,,
2024/7/15,月,曇一時雨
2024/7/16,火,雨時々曇
2024/7/17,水,曇
2024/7/18,木,薄曇後一時晴
2024/7/19,金,曇後一時晴
2024/7/20,土,晴後曇
2024/7/21,日,晴時々薄曇
2024/7/22,月,晴後一時薄曇、雷を伴う
2024/7/23,火,快晴
2024/7/24,水,曇時々晴、雷を伴う
2024/7/25,木,晴時々薄曇一時雨
2024/7/26,金,薄曇
2024/7/27,土,薄曇後一時雨
2024/7/28,日,薄曇
2024/7/29,月,薄曇後一時晴
2024/7/30,火,曇時々晴後一時雨
2024/7/31,水,曇後一時雨
2024/8/1,木,薄曇一時晴
2024/8/2,金,曇後晴
2024/8/3,土,晴一時曇
2024/8/4,日,晴
2024/8/5,月,薄曇一時晴
2024/8/6,火,曇
2024/8/7,水,薄曇後一時晴
2024/8/8,木,晴時々曇
2024/8/9,金,晴一時曇
2024/8/10,土,晴後薄曇
2024/8/11,日,晴後薄曇
2024/8/12,月,晴
2024/8/13,火,晴
2024/8/14,水,晴
2024/8/15,木,晴時々薄曇
2024/8/16,金,大雨、雷を伴う
2024/8/17,土,晴後一時雨
2024/8/18,日,曇後晴
2024/8/19,月,曇時々晴
2024/8/20,火,晴一時雨
2024/8/21,水,曇時々晴
2024/8/22,木,曇時々雨、雷を伴う
2024/8/23,金,曇後晴
2024/8/24,土,晴時々曇
2024/8/25,日,晴時々曇一時雨
2024/8/26,月,晴後一時薄曇
2024/8/27,火,曇時々雨
2024/8/28,水,曇
2024/8/29,木,薄曇時々雨
2024/8/30,金,大雨後時々曇
2024/8/31,土,曇時々雨
2024/9/1,日,曇後時々雨、雷を伴う
2024/9/2,月,晴
2024/9/3,火,曇時々雨
2024/9/4,水,晴時々曇
2024/9/5,木,晴
2024/9/6,金,晴一時薄曇
2024/9/7,土,晴後一時薄曇
2024/9/8,日,晴
2024/9/9,月,晴
2024/9/10,火,晴
2024/9/11,水,晴
2024/9/12,木,晴
2024/9/13,金,晴
2024/9/14,土,晴
2024/9/15,日,晴後一時薄曇
2024/9/16,月,曇一時雨
2024/9/17,火,晴一時曇
2024/9/18,水,晴後曇一時雨
2024/9/19,木,薄曇一時雨、雷を伴う
2024/9/20,金,晴後一時薄曇
2024/9/21,土,薄曇
2024/9/22,日,曇時々雨
2024/9/23,月,晴時々曇一時雨
2024/9/24,火,晴時々曇
2024/9/25,水,曇時々雨
2024/9/26,木,晴時々曇
2024/9/27,金,雨時々曇
2024/9/28,土,曇
2024/9/29,日,曇後時々雨
2024/9/30,月,曇時々雨
2024/10/1,火,曇一時雨
2024/10/2,水,晴時々薄曇
2024/10/3,木,曇時々雨
2024/10/4,金,曇一時雨
2024/10/5,土,雨一時曇
2024/10/6,日,曇一時雨
2024/10/7,月,晴時々曇
2024/10/8,火,雨
2024/10/9,水,雨後一時曇
2024/10/10,木,曇
2024/10/11,金,薄曇
2024/10/12,土,晴
2024/10/13,日,晴
2024/10/14,月,晴
2024/10/15,火,晴
2024/10/16,水,曇
2024/10/17,木,曇一時雨
2024/10/18,金,曇時々雨
2024/10/19,土,曇
2024/10/20,日,晴時々曇一時雨
2024/10/21,月,晴時々曇
2024/10/22,火,晴時々曇
2024/10/23,水,曇時々雨
2024/10/24,木,曇一時晴
2024/10/25,金,曇一時雨
2024/10/26,土,曇
2024/10/27,日,曇一時晴後一時雨
2024/10/28,月,曇一時雨
2024/10/29,火,曇後雨
2024/10/30,水,雨後薄曇
2024/10/31,木,薄曇
2024/11/1,金,曇一時晴
2024/11/2,土,雨
2024/11/3,日,快晴
2024/11/4,月,晴
2024/11/5,火,曇一時晴
2024/11/6,水,曇後一時晴
2024/11/7,木,快晴
2024/11/8,金,晴一時曇
2024/11/9,土,晴後時々曇
2024/11/10,日,曇
2024/11/11,月,曇時々晴
2024/11/12,火,晴時々曇
2024/11/13,水,晴
2024/11/14,木,曇一時晴
2024/11/15,金,曇一時雨
2024/11/16,土,曇
2024/11/17,日,晴一時曇
2024/11/18,月,曇時々雨後一時晴
2024/11/19,火,晴
2024/11/20,水,雨時々曇
2024/11/21,木,雨時々曇一時晴
2024/11/22,金,晴
2024/11/23,土,晴
2024/11/24,日,晴
2024/11/25,月,快晴
2024/11/26,火,晴後曇
2024/11/27,水,晴時々曇
2024/11/28,木,快晴
2024/11/29,金,晴
2024/11/30,土,快晴
2024/12/1,日,快晴
2024/12/2,月,晴一時曇
2024/12/3,火,快晴
2024/12/4,水,晴一時薄曇
2024/12/5,木,薄曇時々晴
2024/12/6,金,快晴
2024/12/7,土,晴後一時曇
2024/12/8,日,晴一時曇
2024/12/9,月,快晴
2024/12/10,火,快晴
2024/12/11,水,薄曇後晴
2024/12/12,木,晴
2024/12/13,金,薄曇一時晴
2024/12/14,土,晴
2024/12/15,日,快晴
2024/12/16,月,快晴
2024/12/17,火,快晴
2024/12/18,水,晴時々薄曇
2024/12/19,木,晴時々雨一時雪、あられを伴う
2024/12/20,金,薄曇一時晴
2024/12/21,土,晴
2024/12/22,日,晴
2024/12/23,月,快晴
2024/12/24,火,快晴
2024/12/25,水,曇時々晴
2024/12/26,木,晴
2024/12/27,金,晴後一時曇
2024/12/28,土,晴後一時曇
2024/12/29,日,快晴
2024/12/30,月,薄曇一時晴
2024/12/31,火,晴時々曇
2025/1/1,水,快晴
2025/1/2,木,晴後一時曇
2025/1/3,金,曇時々雨後一時晴
2025/1/4,土,快晴
2025/1/5,日,晴後薄曇
2025/1/6,月,曇後雨
2025/1/7,火,雨一時曇後晴
2025/1/8,水,晴
2025/1/9,木,快晴
2025/1/10,金,快晴
2025/1/11,土,晴
2025/1/12,日,曇
2025/1/13,月,快晴
2025/1/14,火,晴
2025/1/15,水,晴後一時薄曇
2025/1/16,木,曇後一時晴
2025/1/17,金,快晴
2025/1/18,土,晴
2025/1/19,日,曇後一時雨
2025/1/20,月,晴一時雨
2025/1/21,火,晴時々曇
2025/1/22,水,快晴
2025/1/23,木,曇後晴
2025/1/24,金,晴後一時曇
2025/1/25,土,曇時々晴
2025/1/26,日,快晴
2025/1/27,月,曇一時晴
2025/1/28,火,晴
2025/1/29,水,快晴
2025/1/30,木,快晴
2025/1/31,金,快晴
2025/2/1,土,晴後曇
2025/2/2,日,雨後一時曇
2025/2/3,月,曇
2025/2/4,火,晴時々曇
2025/2/5,水,晴
2025/2/6,木,晴
2025/2/7,金,晴
2025/2/8,土,快晴
2025/2/9,日,快晴
2025/2/10,月,快晴
2025/2/11,火,快晴
2025/2/12,水,晴時々薄曇
2025/2/13,木,快晴
2025/2/14,金,晴
2025/2/15,土,快晴
2025/2/16,日,曇一時晴
2025/2/17,月,晴後時々曇一時雨
2025/2/18,火,晴後一時曇
2025/2/19,水,快晴
2025/2/20,木,晴
2025/2/21,金,晴後薄曇
2025/2/22,土,晴後一時曇
2025/2/23,日,晴後一時曇
2025/2/24,月,晴
2025/2/25,火,快晴
2025/2/26,水,快晴
2025/2/27,木,快晴
2025/2/28,金,薄曇後晴
2025/3/1,土,晴時々薄曇
2025/3/2,日,晴時々薄曇
2025/3/3,月,雨後みぞれ一時雪
2025/3/4,火,曇後一時雨、みぞれを伴う
2025/3/5,水,雨後一時霧雨
2025/3/6,木,曇
2025/3/7,金,晴
2025/3/8,土,曇後時々雨
2025/3/9,日,晴一時曇
2025/3/10,月,晴後一時薄曇
2025/3/11,火,曇時々雨
2025/3/12,水,雨時々曇
2025/3/13,木,薄曇時々晴
2025/3/14,金,薄曇後晴
2025/3/15,土,曇後一時雨
2025/3/16,日,雨
2025/3/17,月,晴
2025/3/18,火,薄曇一時晴
2025/3/19,水,晴時々雨一時雪、雷・ひょうを伴う
2025/3/20,木,晴
2025/3/21,金,快晴
2025/3/22,土,快晴
2025/3/23,日,快晴
2025/3/24,月,薄曇時々晴
2025/3/25,火,晴
2025/3/26,水,晴
2025/3/27,木,薄曇一時晴
2025/3/28,金,薄曇時々晴一時雨
2025/3/29,土,雨
2025/3/30,日,薄曇時々晴
2025/3/31,月,曇時々雨
2025/4/1,火,雨
2025/4/2,水,雨時々曇
2025/4/3,木,雨
2025/4/4,金,晴
2025/4/5,土,晴後薄曇
2025/4/6,日,曇時々晴一時雨
2025/4/7,月,曇時々晴
2025/4/8,火,薄曇一時晴
2025/4/9,水,晴
2025/4/10,木,曇
2025/4/11,金,曇後一時雨、雷を伴う
2025/4/12,土,晴
2025/4/13,日,雨一時曇
2025/4/14,月,晴一時薄曇
2025/4/15,火,晴時々曇一時雨
2025/4/16,水,快晴
2025/4/17,木,薄曇時々晴
2025/4/18,金,薄曇
2025/4/19,土,晴後一時薄曇
2025/4/20,日,曇
2025/4/21,月,晴
2025/4/22,火,曇一時晴
2025/4/23,水,雨後一時曇
2025/4/24,木,曇後一時晴
2025/4/25,金,曇
2025/4/26,土,曇時々晴後一時雨
2025/4/27,日,晴後一時薄曇
2025/4/28,月,曇後一時雨
2025/4/29,火,晴
2025/4/30,水,快晴
2025/5/1,木,晴後薄曇
2025/5/2,金,大雨時々曇
2025/5/3,土,薄曇時々晴
2025/5/4,日,薄曇後晴
2025/5/5,月,晴時々薄曇
2025/5/6,火,雨
2025/5/7,水,晴後時々薄曇
2025/5/8,木,晴一時薄曇
2025/5/9,金,曇
2025/5/10,土,雨後曇
2025/5/11,日,薄曇
2025/5/12,月,曇時々雨
2025/5/13,火,晴時々薄曇
2025/5/14,水,薄曇後一時晴
2025/5/15,木,薄曇
2025/5/16,金,薄曇
2025/5/17,土,雨後一時曇
2025/5/18,日,曇
2025/5/19,月,曇一時雨
2025/5/20,火,晴一時薄曇
2025/5/21,水,薄曇
2025/5/22,木,薄曇
2025/5/23,金,曇
2025/5/24,土,曇後一時雨
2025/5/25,日,曇一時雨
2025/5/26,月,曇
2025/5/27,火,曇
2025/5/28,水,晴時々曇
2025/5/29,木,薄曇
2025/5/30,金,雨
2025/5/31,土,雨時々曇、雷を伴う
2025/6/1,日,晴時々曇後一時雨
2025/6/2,月,曇
2025/6/3,火,雨
2025/6/4,水,曇時々晴
2025/6/5,木,晴
2025/6/6,金,薄曇一時晴
2025/6/7,土,薄曇一時晴
2025/6/8,日,曇一時雨
2025/6/9,月,曇後一時雨
2025/6/10,火,雨後一時曇
2025/6/11,水,雨一時曇
2025/6/12,木,曇一時晴
2025/6/13,金,曇
2025/6/14,土,曇時々雨
2025/6/15,日,曇時々雨後一時晴
2025/6/16,月,曇一時晴
2025/6/17,火,晴
2025/6/18,水,晴
2025/6/19,木,晴一時曇
2025/6/20,金,晴時々曇
2025/6/21,土,晴後薄曇
2025/6/22,日,晴
2025/6/23,月,薄曇
2025/6/24,火,曇一時雨
2025/6/25,水,曇時々雨
2025/6/26,木,曇時々雨
2025/6/27,金,晴時々薄曇
2025/6/28,土,晴時々薄曇
2025/6/29,日,晴後薄曇
2025/6/30,月,晴後薄曇
2025/7/1,火,曇
2025/7/2,水,曇一時雨
2025/7/3,木,晴時々曇
2025/7/4,金,薄曇時々晴
2025/7/5,土,曇時々晴
2025/7/6,日,曇時々晴
2025/7/7,月,曇時々晴
2025/7/8,火,晴
2025/7/9,水,晴一時曇
2025/7/10,木,晴後時々曇、雷を伴う
2025/7/11,金,曇後一時雨
2025/7/12,土,曇
2025/7/13,日,晴時々曇
2025/7/14,月,曇時々雨後一時晴
2025/7/15,火,曇時々雨